"ID","Description","setSize","enrichmentScore","NES","pvalue","p.adjust","qvalue","rank","leading_edge","core_enrichment"
"hsa03013","Nucleocytoplasmic transport",108,0.763919498932926,2.39982806027569,1e-10,8.8e-09,5.13157894736842e-09,3717,"tags=57%, list=15%, signal=49%","11260/1434/348995/57510/3838/10527/8480/9818/55110/51068/29107/57122/5901/51194/79711/23165/23511/3839/3843/64328/5905/129401/22916/23279/9631/79023/9688/7329/4928/30000/7514/55308/10921/55705/3837/10189/55746/80145/11097/10284/79902/53371/9972/5903/84321/23534/25909/57187/4686/3842/23636/7175/3840/3836/65110/7919/64901/100101267/9883/81929/79228/65109"
"hsa03008","Ribosome biogenesis in eukaryotes",103,0.74596713911175,2.34476690604522,1e-10,8.8e-09,5.13157894736842e-09,3688,"tags=46%, list=15%, signal=39%","51602/84128/10799/1736/23160/84916/26354/6949/23560/55226/10885/10813/51068/29107/5901/65083/55131/10940/25996/83732/10171/84135/29889/51096/28987/10199/1459/22803/10528/55127/55651/124901221/7514/9790/55341/55813/134430/54433/2091/54552/109910381/3692/10248/92856/10607/1460/6023"
"hsa04110","Cell cycle",158,0.676780129591678,2.21658563922779,1e-10,8.8e-09,5.13157894736842e-09,4206,"tags=53%, list=17%, signal=44%","4175/595/27085/9319/1017/1871/1019/1869/5933/9088/990/545/23594/5591/8317/7042/51434/1111/983/1875/4172/4085/113130/151648/994/26271/64682/4609/3066/701/9134/10926/90381/699/993/890/7532/891/25847/898/8318/7027/5001/4171/10393/8881/6502/4176/5925/4173/1022/23047/5347/7465/7272/80174/11200/1663/5111/57082/81620/9232/10459/23595/10403/4998/9700/8243/8379/55869/157570/991/9212/995/996/9184/8454/9133/1029/9126/1874/546/4999/7534"
"hsa03040","Spliceosome",191,0.650581403512907,2.16985156262306,1e-10,8.8e-09,5.13157894736842e-09,5019,"tags=43%, list=20%, signal=35%","51645/9128/55110/23450/57819/6635/22916/6636/6631/6633/6637/55660/51690/23658/988/9343/6632/3183/642659/144983/2521/3178/220988/51691/6628/10465/10915/56259/10189/80145/6428/3312/3192/27316/27339/51634/24148/6629/8896/6627/3190/6426/84321/6432/10772/57187/6100/51639/10713/4686/8175/23350/9410/4670/25804/6626/9129/10523/23020/84844/7919/10285/79228/10946/51340/1659/1665/7307/22827/51503/25766/9775/51729/6434/22794/29896/57461/4116/124904706/55119/6427/124904145"
"hsa04082","Neuroactive ligand signaling",196,-0.585682842710702,-1.94479493077136,3.34812689097346e-10,2.35708133124532e-08,1.374494197347e-08,4088,"tags=37%, list=16%, signal=31%","1128/53829/2891/3362/113/3359/1139/6572/5026/1133/60482/5330/64805/2570/2566/148/151/4987/3360/2776/2903/2901/5030/2775/135/2774/5029/1103/2892/1141/170572/6530/9127/1132/2900/150/2902/6536/9177/140/6866/55970/54331/112/116443/5567/154/2893/2897/43/140679/153/2565/2562/5579/22953/246213/6505/285242/51764/5368/2899/9934/3363/5028/5025/5023/111/57030/2767/115/2788"
"hsa03010","Ribosome",174,0.611257576171497,2.02528703657631,5.78113366620021e-10,3.39159841750412e-08,1.97775625422639e-08,5496,"tags=49%, list=22%, signal=39%","63875/54534/6173/6170/11222/6227/51649/51373/200916/6201/64983/11224/7818/6144/6136/6129/6187/55173/51263/6165/25873/6155/6157/57129/6130/64979/6156/6223/9801/65005/122704/100529239/6204/6160/6209/6167/109910381/6222/100529097/6224/6132/6233/51073/51258/6169/7311/6183/9045/6206/6210/28998/6161/51121/6191/6137/6168/84311/6181/28977/51187/6152/29088/6188/6158/6207/29074/10240/6159/9349/60488/64960/6142/6141/6150/6143/6230/6147/6133/65008/64951/23107/6194/6229/64928/4736/28957"
"hsa04976","Bile secretion",88,-0.699384144355747,-2.13674097490693,9.78446474522648e-10,4.92018798617103e-08,2.86912875987844e-08,2550,"tags=36%, list=10%, signal=33%","8714/6550/6555/483/200931/79799/6344/54578/54658/54577/112/5567/54600/54657/54576/54575/482/1576/2052/5243/8647/6256/6548/477/9971/8671/760/343/111/123264/115/9429"
"hsa04714","Thermogenesis",221,-0.554053349367764,-1.864831371867,4.43612678211849e-09,1.95189578413214e-07,1.13821674014882e-07,3796,"tags=33%, list=15%, signal=29%","113/1375/516/1347/1352/513/521/57104/2885/1339/155/4713/10476/515/27330/5468/4716/4724/125965/3845/4695/522/4717/539/4729/1351/1327/5563/1350/6195/4719/4694/1329/4698/7385/518/4714/4707/1337/4700/9377/4720/29796/63976/4723/374291/4705/7386/51422/656/6390/112/506/5567/7384/2641/51548/152831/6655/1268/84699/6392/10891/1374/11343/1376/6389/5346/498/8110/788/5593/111/115"
"hsa04022","cGMP-PKG signaling pathway",165,-0.584890825866522,-1.90778541110021,1.59961429469087e-08,6.25626924145761e-07,3.64824312824233e-07,4213,"tags=36%, list=17%, signal=30%","2770/5535/291/83447/480/185/113/3643/778/292/155/4638/5581/23533/478/5330/808/805/5894/148/3778/151/10242/2776/1910/4209/5605/3827/4207/91860/572/1259/483/490/4208/150/5500/489/5294/140/5138/112/154/624/482/153/5139/801/8654/84699/5595/6547/477/10672/1258/5593/111/2767/115"
"hsa00982","Drug metabolism - cytochrome P450",67,-0.724363436793156,-2.11743345857815,6.06695239008104e-08,2.13556724130853e-06,1.24532180638506e-06,1873,"tags=36%, list=8%, signal=33%","130/2944/79799/2329/54578/4129/2948/54658/54577/54600/54657/54576/2330/54575/126/1576/124/4259/1565/4128/125/27306/2946/2949"
"hsa04261","Adrenergic signaling in cardiomyocytes",154,-0.570441767053757,-1.83612412214295,1.33938260820948e-07,4.28602434627035e-06,2.49932639809425e-06,4782,"tags=37%, list=19%, signal=30%","5501/5594/55844/5502/491/783/2770/480/185/113/3776/778/5529/23533/478/5330/808/805/4634/148/93589/5525/2776/6331/91860/5516/483/816/10369/490/5521/9254/9252/5500/815/59285/489/5294/112/5567/154/482/153/6330/801/6332/817/84699/5595/5523/6548/6547/477/596/111/782/115"
"hsa03030","DNA replication",36,0.807942198245609,2.10149289156425,1.94432159672999e-07,5.70334335040796e-06,3.32581325756445e-06,2495,"tags=67%, list=10%, signal=60%","4175/5983/6742/5558/5984/10535/4172/5422/5425/54107/2237/1763/5427/79621/4171/6119/4176/5557/23649/4173/5111/5982/3978/246243"
"hsa04020","Calcium signaling pathway",253,-0.50340317878127,-1.72336005608705,2.42629963197828e-07,6.56967284966427e-06,3.83099941891308e-06,4233,"tags=35%, list=17%, signal=29%","5027/5535/291/89869/83447/1128/57105/5979/5136/3362/2251/185/113/2261/2064/1139/5026/1133/778/292/155/4638/4915/7942/2668/5330/808/57118/805/952/3270/148/1956/3360/845/2776/2254/1910/2903/774/7039/255231/91860/135/553/2774/5156/5137/816/10800/490/9127/6263/57192/815/2902/489/53373/623/2277/116443/5567/154/624/773/100130933/153/801/2263/5579/22953/3706/6261/80310/817/5336/3363/814/5025/6547/6786/4916/2185/113026/5333/5023/51196/2767/115"
"hsa05204","Chemical carcinogenesis - DNA adducts",67,-0.71012566295141,-2.07581410401541,2.7491597971043e-07,6.59132822390173e-06,3.84362740329198e-06,2179,"tags=34%, list=9%, signal=31%","6818/445329/10/2944/1646/79799/54578/2948/54658/54577/54600/54657/54576/54575/1576/2052/4259/9/27306/2946/6799/6817/2949"
"hsa05208","Chemical carcinogenesis - reactive oxygen species",212,-0.527986979133066,-1.77355657659991,2.80880464086722e-07,6.59132822390173e-06,3.84362740329198e-06,4165,"tags=38%, list=17%, signal=32%","291/1349/1543/83447/65010/8644/2938/516/1347/4792/513/369/847/292/2885/1339/9020/4713/10476/515/4716/4724/125965/2353/3845/4695/522/5894/653361/4717/539/1956/5580/4729/1351/1327/5605/1350/4719/4694/1329/4698/7385/518/572/6416/4714/4707/1337/1645/5728/4700/2944/9377/4720/29796/5602/1646/4723/5293/374291/5337/4705/7386/2948/6390/506/7384/2052/4259/6655/3162/6392/5595/6389/498/2053/1836/2946/2949"
"hsa04723","Retrograde endocannabinoid signaling",141,-0.582544299298529,-1.87329099611747,3.77208526654742e-07,8.29858758640432e-06,4.83918833537334e-06,3164,"tags=31%, list=13%, signal=27%","5330/4716/4724/2570/2566/4695/4717/2776/4729/774/222236/4719/2775/4694/4698/4714/2892/4707/4700/4720/5602/4723/57406/374291/4705/55970/54331/112/5567/2893/773/140679/2565/2562/5579/246213/1268/51764/5595/11343/111/57030/115/2788"
"hsa04024","cAMP signaling pathway",222,-0.516830048194964,-1.73987779034896,6.33884533200677e-07,1.31251385698023e-05,7.65371417796483e-06,4262,"tags=35%, list=17%, signal=29%","8310/2770/480/7253/1128/2891/3362/113/4886/3776/2492/4792/778/5465/478/808/805/2353/5894/5906/3360/5144/139760/2903/5880/117/64399/5605/4852/1261/91860/135/572/1259/7432/2696/7409/483/816/2892/5143/490/5602/6751/5293/6752/5337/5500/815/2902/489/112/116443/5567/154/2893/482/153/5732/2641/5139/801/6750/817/1908/84699/1907/5595/7074/814/6548/51/477/1258/5348/51196/111/115"
"hsa04725","Cholinergic synapse",115,-0.600430139229012,-1.88524312988173,9.63378911669121e-07,1.88394098281962e-05,1.0985899869911e-05,4273,"tags=38%, list=17%, signal=32%","2793/2534/2770/1128/113/1139/6572/1133/778/60482/23533/5330/2353/3845/2776/3759/774/56479/2775/1103/816/1141/3768/1132/5293/815/5294/55970/54331/112/5567/773/43/5579/817/84699/51764/5595/814/596/111/2767/115/2788"
"hsa04728","Dopaminergic synapse",131,-0.574571735834556,-1.82527586260357,1.08745834835157e-06,1.92426753021213e-05,1.12210576672059e-05,3164,"tags=29%, list=13%, signal=25%","5330/808/805/2353/5525/2776/2903/406/774/2775/91860/2774/5516/816/2892/5602/5521/5500/815/4129/50632/55970/54331/5567/2893/773/801/5579/817/84699/3800/4128/51764/408/3798/5523/111/2788"
"hsa04517","IgSF CAM signaling",298,-0.463468042590723,-1.60857784024143,1.09333382398417e-06,1.92426753021213e-05,1.12210576672059e-05,4973,"tags=34%, list=20%, signal=27%","5376/5777/84631/940/9046/9693/5594/22871/150084/9863/3676/10298/84623/5063/51807/201633/1445/7827/2534/5803/5829/80059/5375/10627/3932/57522/914/120425/2885/4638/4690/3897/23607/114836/2308/998/103910/3737/23114/4629/9564/26280/51744/253559/342035/5906/219699/10666/3385/54413/5605/64221/5802/25945/57731/7409/6504/6586/139065/4133/5602/56253/5293/117157/5362/22865/94030/137970/30835/3742/4155/57502/58494/10225/9223/962/8976/1272/287/6900/84189/3739/382/5792/5579/3683/23705/57823/5595/5336/9423/79861/10382/4916/4684/57863/4063/4359/23136/288/8633"
"hsa00980","Metabolism of xenobiotics by cytochrome P450",73,-0.665877354766002,-1.98655870865304,1.45696050461679e-06,2.44214332202434e-05,1.42409673383596e-05,1873,"tags=30%, list=8%, signal=28%","130/1645/2944/79799/54578/2948/54658/54577/54600/54657/54576/54575/126/1576/124/2052/4259/1565/125/27306/2946/2949"
"hsa00071","Fatty acid degradation",43,-0.740497811798334,-1.98933969568562,1.82418148931047e-06,2.91869038289676e-05,1.70198751394996e-05,1359,"tags=49%, list=5%, signal=46%","130/10455/1632/126/124/36/224/37/30/23205/1374/1376/3030/3033/3032/38/51/10449/125/34/35"
"hsa05415","Diabetic cardiomyopathy",192,-0.517253612581669,-1.71215575888813,2.26667583257229e-06,3.46899953506715e-05,2.02289147529335e-05,4165,"tags=38%, list=17%, signal=32%","291/1349/83447/185/5590/1375/516/3643/1347/513/4087/292/1339/4713/10476/5465/4088/5330/515/4716/4724/125965/4695/522/653361/4717/539/5580/4729/1351/5880/1327/1350/4719/4694/1329/4698/7385/518/4714/4689/816/4707/1337/5728/4700/9377/4720/29796/5602/4723/5293/374291/5500/815/4705/489/7386/1509/6390/506/7384/51660/1215/5579/817/6392/1376/6389/5166/948/5164/498"
"hsa04978","Mineral absorption",60,-0.678985964685209,-1.95489187600149,2.54452307450943e-06,3.73196717594717e-05,2.17623684004096e-05,4516,"tags=52%, list=18%, signal=42%","491/30061/645745/480/65010/7779/55503/478/4490/9843/54822/6550/483/490/79901/1181/7421/482/3162/4496/4495/4493/4502/4494/1811/4499/6547/4501/340024/477/140803"
"hsa04080","Neuroactive ligand-receptor interaction",357,-0.441299618213506,-1.56401141557977,2.82641349662942e-06,3.97959020325423e-05,2.32063423933784e-05,4250,"tags=29%, list=17%, signal=25%","4543/5027/2587/2688/7253/1128/53829/57105/2891/3362/185/256933/4886/2150/23566/2492/3953/1139/5026/1133/155/8698/10022/2570/2566/148/151/66004/2642/4987/1134/3360/1910/2903/2901/114131/117/5030/3001/3827/5540/4852/135/553/7432/2696/84539/5029/2892/1141/10800/6751/9127/100996758/1132/1269/6752/2900/27334/150/2902/1511/623/2690/6344/7433/2796/140/6866/4887/116443/154/2893/624/2897/153/2894/5732/2641/2565/286530/2562/5729/6750/5697/22953/1268/6753/1908/1907/5368/7068/2899/7442/9934/3363/5028/10316/5025/5734/2908/1902/5023/5745/9340"
"hsa04928","Parathyroid hormone synthesis, secretion and action",114,-0.581914956293611,-1.8265659637653,3.29016613141414e-06,4.45437876252992e-05,2.59749957743222e-05,2835,"tags=29%, list=11%, signal=26%","2353/11214/5894/4324/1956/5144/2776/632/4209/6258/860/9826/50964/5143/4208/5337/7421/112/5567/6446/1026/5579/9368/84699/408/5595/6256/10672/596/5745/111/2767/115"
"hsa00562","Inositol phosphate metabolism",78,-0.63179618502119,-1.91271060473342,4.38733523061226e-06,5.71978518953895e-05,3.33540105251225e-05,5292,"tags=47%, list=21%, signal=37%","79837/9110/23262/5287/253430/22908/3631/9896/3633/64419/89869/8867/3632/9108/5330/8395/51447/5289/3705/5297/9677/5728/5293/3613/4329/5294/9651/3612/8897/27124/3706/51763/5336/4534/113026/5333/51196"
"hsa03420","Nucleotide excision repair",61,0.683305853949983,1.96270214052134,6.20676771296068e-06,7.80279369629343e-05,4.55007407529072e-05,4637,"tags=56%, list=19%, signal=45%","5433/5983/5440/5984/5425/54107/5427/8451/1069/5887/6119/1022/5111/5982/5436/3978/5886/8450/2067/2071/5432/2965/4331/2068/5985/404672/2968/2967/5424/1642/5431/5441/2072/902"
"hsa04726","Serotonergic synapse",110,-0.585188294314863,-1.83061265622907,6.75277959003682e-06,8.19647729549296e-05,4.77964435592442e-05,4775,"tags=38%, list=19%, signal=31%","3762/2785/3357/5594/6570/242/2793/2770/3362/255189/3359/369/778/5330/3845/5894/3360/2776/5742/774/2775/1843/170572/247/239/4129/9177/55970/54331/7166/5567/773/2562/5579/285242/1565/4128/51764/5595/3363/111/2788"
"hsa03460","Fanconi anemia pathway",53,0.702732943313046,1.97069930831031,8.93974857406512e-06,0.000104893049935697,6.11667007699193e-05,5774,"tags=58%, list=23%, signal=45%","675/545/79728/29089/2187/55215/672/641/6119/55120/2177/84126/5889/83990/9894/2188/2189/84464/2067/5888/146956/2178/5395/2072/116028/2176/91442/4292/80010/7398/2175"
"hsa04081","Hormone signaling",215,-0.48837447460006,-1.64075412121711,1.02384241078346e-05,0.000116255654385735,6.77926214270882e-05,2718,"tags=21%, list=11%, signal=19%","148/9843/151/2642/53919/4987/2776/4089/114131/9370/2775/553/7432/2696/84539/6751/5293/6752/150/2099/2690/7433/2796/55970/54331/112/5567/154/153/2641/2100/6750/6753/2852/51764/5368/7068/2980/10672/5593/2981/5745/111/2767/115/2788"
"hsa00280","Valine, leucine and isoleucine degradation",48,-0.701977123789006,-1.9140744011861,1.50393521831698e-05,0.000165432874014868,9.64695288065169e-05,4298,"tags=58%, list=17%, signal=48%","56922/3712/217/5096/1629/64064/223/54511/1962/1892/27034/4594/26275/549/3158/4329/36/587/224/3155/30/3030/3033/3032/38/10449/34/35"
"hsa04935","Growth hormone synthesis, secretion and action",120,-0.557809018278185,-1.76113819773997,1.56608130171851e-05,0.000167048672183308,9.74117556092853e-05,3525,"tags=31%, list=14%, signal=27%","3717/2033/5594/3479/2770/2688/113/778/2885/5330/9564/5608/2353/3845/5894/2776/5605/8835/6416/5602/6751/1398/5293/6752/2690/112/5567/6750/5579/6655/6753/84699/5595/5336/111/2767/115"
"hsa04932","Non-alcoholic fatty liver disease",153,-0.532270837503103,-1.71601182194492,1.76358027624616e-05,0.000182582428599602,0.0001064700166774,3791,"tags=35%, list=15%, signal=30%","3953/3643/1347/1339/4713/998/5465/5468/4716/4724/4296/125965/2353/4695/4717/4729/7132/6945/1351/1327/5563/1350/9370/4719/4694/1329/4698/7385/4714/4707/1337/4700/9377/22877/4720/29796/5602/4723/5293/374291/4705/7386/51422/355/6390/10018/7384/10062/6392/6389/6256/840/3570"
"hsa03018","RNA degradation",78,0.626829881070362,1.86909070442146,2.12322873297232e-05,0.000213536146858931,0.000124520181332212,3821,"tags=36%, list=15%, signal=30%","87178/11340/57819/3329/56915/23404/22894/9125/84186/51010/22803/51690/23658/5042/26986/51691/54512/80336/255967/170506/5213/25804/2023/11044/118460/10200/5073/5393"
"hsa04146","Peroxisome",82,-0.597283238856279,-1.80989043085653,2.44214876853616e-05,0.000238787879590203,0.000139245324521799,3984,"tags=37%, list=16%, signal=31%","5824/84188/5192/847/283927/8528/54511/83594/1962/225/54677/55825/7498/10901/5826/10455/1384/1610/5825/5264/196743/6342/3155/1891/30/51/5827/2053/8800/55670"
"hsa00970","Aminoacyl-tRNA biosynthesis",44,0.710909771545743,1.91900725575906,3.15778045544135e-05,0.000292510189556672,0.000170572628479519,4096,"tags=50%, list=16%, signal=42%","2617/3376/1615/7407/8565/16/6897/51067/10056/3735/2193/124454/80222/2058/5917/4141/7453/283459/51520/79587/79731/833"
"hsa04961","Endocrine and other factor-regulated calcium reabsorption",52,-0.676013562643137,-1.88243674175073,3.12783315044526e-05,0.000292510189556672,0.000170572628479519,4516,"tags=44%, list=18%, signal=36%","491/161/3816/9365/480/478/1212/5330/2776/1785/483/490/2099/7421/112/5567/624/482/5579/6547/477/5745/115"
"hsa04921","Oxytocin signaling pathway",154,-0.504734676027956,-1.62462773145712,3.45065417028211e-05,0.000311443658445975,0.000181613377383269,5291,"tags=40%, list=21%, signal=32%","5533/59284/27091/108/5997/146850/5501/3762/5594/4772/54776/783/2770/5535/255189/113/29904/10645/778/4638/23533/5330/808/57118/805/2353/3845/5894/952/93589/1956/1827/2776/3759/5563/5605/2775/91860/816/10369/4208/3768/9254/6263/5500/815/59285/51422/5294/112/5567/1026/801/5598/5579/6261/817/5595/814/111/782/115"
"hsa04971","Gastric acid secretion",76,-0.609005040594763,-1.83775078298805,3.54219673949e-05,0.00031171331307512,0.000181770622158039,4213,"tags=41%, list=17%, signal=34%","2770/480/113/3776/3766/4638/478/5330/808/805/2776/3759/91860/483/816/9992/54207/6752/815/112/5567/482/801/6750/5579/817/6548/477/760/111/115"
"hsa04657","IL-17 signaling pathway",93,0.583575818719173,1.80684532326056,5.13921885947316e-05,0.000441220741105988,0.000257290802977475,2853,"tags=30%, list=11%, signal=27%","4312/3576/4314/1051/225689/3326/3553/4322/3569/7188/8061/3627/6372/4318/2920/1673/1994/6279/6280/1440/6374/6278/3320/53342/2921/6426/4586/7186"
"hsa04925","Aldosterone synthesis and secretion",98,-0.565369808164943,-1.74985960030145,6.41591070452559e-05,0.000537714420950716,0.000313559545709897,4516,"tags=37%, list=18%, signal=30%","491/8911/6770/480/185/113/778/5581/478/5330/808/57118/805/1583/2776/1589/91860/483/816/3777/490/815/5138/112/5567/482/801/5579/817/84699/814/3284/477/111/2767/115"
"hsa04713","Circadian entrainment",97,-0.564521162578693,-1.74485748038864,6.96524214023839e-05,0.000570177961247422,0.000332490138885309,3164,"tags=35%, list=13%, signal=31%","5330/9722/808/805/2353/2776/2903/117/51655/2775/91860/816/2892/6263/9252/8863/815/2902/5187/55970/54331/112/5567/2893/801/5579/6261/817/51764/5595/5593/111/115/2788"
"hsa03050","Proteasome",46,0.705694934114453,1.91565533564507,7.21865140056065e-05,0.000577492112044852,0.000336755268686442,3454,"tags=48%, list=14%, signal=41%","23198/51371/5683/10213/5688/5701/5682/11047/5719/7979/5684/5718/10197/5693/5713/5695/5689/5690/5707/5691/5692/5710"
"hsa03082","ATP-dependent chromatin remodeling",115,0.538639710405134,1.70761914910245,8.74067181623776e-05,0.000683714773181264,0.000398697310916108,4939,"tags=31%, list=20%, signal=25%","55257/9643/8607/86/6599/404281/54107/3066/84295/92815/6944/8089/6597/1108/3014/79913/8099/6602/26039/3015/9031/64769/9219/10856/54108/8295/605/51377/65980/5931/94239/5977/8193/8335/8330/8467"
"hsa00650","Butanoate metabolism",27,-0.766071390067086,-1.89558635477408,8.93807261229182e-05,0.000683956860766679,0.000398838480411191,3585,"tags=52%, list=14%, signal=44%","64064/622/341392/54511/1962/1892/116285/3158/3155/3030/3033/38/54988/35"
"hsa04750","Inflammatory mediator regulation of TRP channels",99,-0.553875370155696,-1.71939748186627,9.72825943293387e-05,0.000728584536253771,0.000424862394047504,3918,"tags=35%, list=16%, signal=30%","255189/113/2150/5581/51802/5330/808/5608/805/8398/5580/2776/3827/91860/5029/816/5602/239/5293/5500/815/623/112/5567/624/5732/801/5579/817/5336/7442/5734/111/115/162514"
"hsa00190","Oxidative phosphorylation",123,-0.524969321385717,-1.65629463891184,0.000111304104123091,0.000816230096902668,0.000475971497894797,3762,"tags=38%, list=15%, signal=33%","516/1347/1352/513/521/1339/4713/10476/515/4716/4724/125965/4695/522/4717/539/4729/1351/1327/127124/1350/245972/4719/4694/1329/4698/7385/518/4714/4707/1337/4700/9377/4720/29796/4723/374291/4705/7386/51382/6390/506/7384/9114/6392/6389/498"
"hsa05032","Morphine addiction",91,-0.571706760965463,-1.75409491540894,0.000115668899081385,0.000830927601564238,0.00048454211215618,2963,"tags=27%, list=12%, signal=24%","2570/2566/5144/774/2775/5137/5143/27115/55970/5138/54331/112/5567/773/140679/5139/2565/2562/5579/51764/408/5151/111/115/2788"
"hsa04722","Neurotrophin signaling pathway",120,-0.529973440362101,-1.67325453519988,0.000120152756247235,0.000845875403980531,0.000493258683541278,3472,"tags=29%, list=14%, signal=25%","4792/2885/4915/998/27330/808/805/3845/6272/5894/5906/5580/5605/6195/91860/572/816/5663/5602/4145/9252/1398/5293/815/801/5598/6655/817/25970/5595/5336/814/4916/2549/596"
"hsa02010","ABC transporters",45,-0.668288466012918,-1.80584456921927,0.000149721309469937,0.00101349809487342,0.000591005168960277,2977,"tags=36%, list=12%, signal=31%","19/340273/6833/8714/225/5826/1672/5825/5243/8647/23461/10350/23460/10349/10351/9429"
"hsa04072","Phospholipase D signaling pathway",148,-0.489815541523523,-1.57201781923386,0.000149695156099313,0.00101349809487342,0.000591005168960277,3932,"tags=29%, list=16%, signal=25%","185/255189/113/23566/3643/2885/9846/23533/57121/5330/2205/8395/3845/5894/27128/1956/1785/5605/553/1609/5156/5293/5337/5294/4254/112/1606/9267/382/2206/6655/8613/80310/8611/5595/5336/2185/2549/10672/1902/3815/111/115"
"hsa04912","GnRH signaling pathway",92,-0.560783517782249,-1.72651466786193,0.000165721764329688,0.0011006426612085,0.000641822126003758,3918,"tags=37%, list=16%, signal=31%","255189/113/778/2885/998/5330/808/5608/805/3845/5894/1956/5580/2776/5605/91860/6416/816/5602/5337/815/2796/112/5567/801/5598/5579/6655/817/5595/2185/111/2767/115"
"hsa00053","Ascorbate and aldarate metabolism",29,-0.743327510528848,-1.87625686362222,0.000171055954664108,0.00111503140818085,0.000650212693167663,1651,"tags=45%, list=7%, signal=42%","217/9365/223/79799/54578/54658/54577/54600/54657/54576/54575/224/7358"
"hsa03410","Base excision repair",44,0.682599726571417,1.84258801960413,0.00017636697149453,0.00112874861756499,0.000658211663950876,4515,"tags=52%, list=18%, signal=43%","5983/5423/5984/3146/5425/54107/2237/5427/4350/55247/7515/4913/5111/5982/3978/328/3980/55775/5985/10038/252969/5424/142"
"hsa04660","T cell receptor signaling pathway",121,-0.516733920586138,-1.62777972307397,0.000186246449150862,0.00117069196609113,0.000682670255346206,5080,"tags=38%, list=20%, signal=30%","10892/5777/940/5594/4772/55844/10298/5063/10125/2534/5535/5788/920/3932/4792/5529/2885/4690/9020/998/3702/8915/2353/3845/915/5894/5525/959/5605/919/926/5516/7409/9402/917/3558/5602/5521/5293/27040/916/925/7535/6655/5595/5523"
"hsa05207","Chemical carcinogenesis - receptor activation",213,-0.452471690488409,-1.5183938797258,0.000201807922829394,0.00124625243571836,0.000726732132072609,2874,"tags=29%, list=12%, signal=26%","2251/113/2938/28514/367/1139/778/2885/155/5465/27330/9970/2353/3845/5894/1956/5241/2254/4853/774/5605/6258/6195/572/1141/2944/79799/5293/2099/54578/7421/2948/54658/54577/112/5567/154/54600/54657/54576/54575/773/1576/2052/153/2100/4259/5579/85315/6655/54852/84699/408/5595/6256/2053/596/9314/111/2946/115/2949"
"hsa03440","Homologous recombination",41,0.682755324848528,1.81522142902997,0.000222006360791315,0.00134734894825074,0.000785684942909374,3920,"tags=54%, list=16%, signal=45%","7516/675/6742/79728/25788/672/5425/4683/580/641/7979/6119/8438/11073/4361/5889/83990/5892/5890/5888/146956/10111"
"hsa03020","RNA polymerase",33,0.709835001122928,1.83011716677407,0.000243636688487063,0.00145356126012621,0.000847620950133404,4566,"tags=67%, list=18%, signal=54%","5433/5440/221830/25885/84172/51728/9533/10849/30834/51082/64425/5436/10623/10622/55718/5432/10621/661/27297/5431/5441/11128"
"hsa03083","Polycomb repressive complex",83,0.575568876355172,1.74146500287258,0.000278042097619824,0.0016311803060363,0.00095119664975203,3882,"tags=31%, list=16%, signal=27%","100170841/57332/84733/11335/8535/54881/6322/54554/404281/11091/3066/1876/221937/26147/7027/2146/171023/10138/1912/3054/9212/51619/7321/1460/84108/121536"
"hsa04071","Sphingolipid signaling pathway",125,-0.515123587262586,-1.63038448975046,0.000319227164342061,0.00184209773521976,0.00107418976784645,4695,"tags=33%, list=19%, signal=27%","5594/10715/55844/2534/2770/427/5590/130367/125981/5529/8698/9846/5581/81537/5330/2205/3845/5894/5525/2776/7132/5880/5605/55304/3827/5516/5728/5602/5521/5293/5337/1509/140/624/2206/5579/5595/6609/5523/10672/596"
"hsa04062","Chemokine signaling pathway",191,-0.449391206398972,-1.48821510979036,0.000345464020553684,0.00196134411669188,0.00114372638383648,4273,"tags=30%, list=17%, signal=25%","2793/2770/10663/5829/113/5590/4792/6846/6363/2885/7454/998/23533/5330/3702/9564/3845/5894/2829/5906/6375/6355/653361/5580/2776/9547/2826/5880/56477/572/6359/1794/7409/10563/1398/5293/5294/55970/54331/112/10235/5567/6368/729230/6358/5579/6655/51764/408/5595/6352/5336/6387/7074/2185/111/115/2788"
"hsa04911","Insulin secretion",86,-0.547671689260107,-1.66280590826876,0.000379031133723074,0.00209294006168823,0.0012204644498481,3894,"tags=35%, list=16%, signal=30%","113/5864/778/27445/2864/478/5330/6616/3778/6833/10242/2776/139760/117/483/816/54795/815/112/5567/482/2641/5579/817/84699/477/6844/111/2767/115"
"hsa04371","Apelin signaling pathway",138,-0.481942858152723,-1.54163130969195,0.000380534556670588,0.00209294006168823,0.0012204644498481,3582,"tags=30%, list=14%, signal=26%","4087/4638/5581/23533/4088/5330/808/805/4634/3845/5894/5289/2776/5327/4089/4209/5563/5605/4207/91860/10014/4208/6263/51422/5294/55970/54331/112/5567/801/6261/51764/5595/10891/5346/814/6548/6547/10672/111/115/2788"
"hsa04923","Regulation of lipolysis in adipocytes",59,-0.607694851844635,-1.74263161310973,0.000416898441805849,0.00222345835629786,0.00129657410131006,4213,"tags=41%, list=17%, signal=34%","2770/7253/113/4886/3643/2167/57104/155/5742/4852/5293/364/112/5567/154/63924/153/51099/54979/11343/5346/5593/111/115"
"hsa04972","Pancreatic secretion",101,-0.532547068869285,-1.64489354290562,0.000411561290521859,0.00222345835629786,0.00129657410131006,4629,"tags=35%, list=19%, signal=28%","51032/23436/491/9635/480/1360/5874/113/478/5330/280/952/5906/3778/2776/8399/1359/683/26279/483/490/1179/489/6344/112/482/5579/1811/6548/477/8671/760/22802/111/115"
"hsa05340","Primary immunodeficiency",37,-0.6886634823373,-1.8160013922549,0.000484209455884046,0.00252506264401754,0.00147244980736669,3889,"tags=46%, list=16%, signal=39%","57379/5788/920/3932/29760/3543/915/959/926/115650/695/930/916/925/7535/973/23495"
"hsa00140","Steroid hormone biosynthesis",62,-0.606991841484223,-1.74461857920225,0.000498202322217386,0.00252506264401754,0.00147244980736669,2742,"tags=34%, list=11%, signal=30%","1583/7923/1589/1645/1646/79799/54578/10170/54658/54577/54600/54657/54576/54575/51170/3291/1576/5959/3294/3284/79154"
"hsa04070","Phosphatidylinositol signaling system",98,-0.532518373564211,-1.64818208340972,0.000502143139435307,0.00252506264401754,0.00147244980736669,5292,"tags=41%, list=21%, signal=32%","79837/9110/1040/23262/5287/253430/22908/3631/8527/3633/64419/89869/8867/3632/9108/5330/808/8395/805/51447/5289/3705/91860/1609/5297/9677/5728/5293/3613/1606/3612/8897/801/5579/3706/5336/4534/113026/5333/51196"
"hsa04915","Estrogen signaling pathway",138,-0.479449484663355,-1.53365554540176,0.000490043304750118,0.00252506264401754,0.00147244980736669,3164,"tags=25%, list=13%, signal=22%","5330/808/805/2353/3845/5894/3880/1956/5580/2776/5241/5605/7039/2775/91860/3859/5293/3857/2099/1509/112/5567/801/192666/8648/2100/6655/54474/2852/84699/5595/596/111/115"
"hsa00040","Pentose and glucuronate interconversions",35,-0.687305382568446,-1.78583503910934,0.000588434000261733,0.0029173065928469,0.00170118057896276,1697,"tags=40%, list=7%, signal=37%","231/28970/79799/54578/54658/54577/54600/54657/54576/54575/441282/57016/7360/7358"
"hsa04148","Efferocytosis",157,-0.468373681781804,-1.51579551685298,0.000604141684046954,0.00295358156645178,0.00172233374837947,5007,"tags=38%, list=20%, signal=31%","1847/51761/5777/64284/3717/100133941/5594/4772/338382/713/384/91937/405/714/2057/1793/1375/23339/2621/6566/84466/55423/55113/712/5468/64805/19/9564/26762/8398/114786/5605/5869/51454/5029/816/161291/1398/23166/815/489/7386/7376/50636/6446/10396/10062/682/5732/5467/55576/203859/817/5595/1374/6256/948/5734/840/575"
"hsa04270","Vascular smooth muscle contraction",134,-0.493963152340082,-1.5754184576234,0.000704279368091775,0.00338347497891219,0.00197301920121973,3932,"tags=28%, list=16%, signal=23%","185/255189/113/369/778/4638/5581/5330/808/4629/805/5894/148/3778/8398/5580/10242/2776/8399/5605/9826/91860/135/553/26279/5500/112/5567/801/5579/1908/1907/5595/10672/111/2767/115"
"hsa04142","Lysosome biogenesis",249,-0.424759971581353,-1.45122385959068,0.000711298717157677,0.00338347497891219,0.00197301920121973,4427,"tags=31%, list=18%, signal=26%","161/26503/10577/1486/1519/9896/1497/119032/11154/427/4125/114880/1522/23339/26088/9583/1201/2548/8120/80208/8649/7942/1212/26175/1510/2629/51172/6272/54/64121/8722/9842/84572/3423/950/51284/8673/58528/114876/162/4668/127124/8763/1520/245972/255231/389541/91056/84286/79158/57192/9342/1511/1657/53373/1509/9516/51382/5641/9114/5476/2647/23312/410/114881/55745/53/1521/7098/54785/23461/79641/6609/2517/23335/10239/54106/206358"
"hsa04260","Cardiac muscle contraction",83,-0.543613814187852,-1.65023125342615,0.000734399491249464,0.00342074948087541,0.00199475522957747,4307,"tags=39%, list=17%, signal=32%","783/1349/480/1347/778/1339/478/125965/4634/3270/93589/845/1351/1327/1350/1329/7385/483/10369/1337/9377/29796/9254/59285/489/7386/482/7384/6548/6547/477/782"
"hsa04970","Salivary secretion",90,-0.520852981240964,-1.5896438066758,0.000738570910643555,0.00342074948087541,0.00199475522957747,3554,"tags=33%, list=14%, signal=29%","55503/155/478/5330/280/808/805/952/148/3778/2776/54831/91860/683/483/490/6263/112/5567/154/482/153/801/5579/6548/477/6844/5593/111/115"
"hsa04960","Aldosterone-regulated sodium reabsorption",38,-0.669350541798343,-1.77114350783634,0.000772290888192924,0.00353047263173908,0.00205873852628326,4695,"tags=50%, list=19%, signal=41%","5594/3479/480/3643/6337/478/3845/6340/483/23327/5293/3291/482/6446/5579/6338/5595/4306/477"
"hsa04724","Glutamatergic synapse",115,-0.498344825724748,-1.56471352390149,0.000831471755546836,0.00375228279426265,0.00218808356722852,2483,"tags=23%, list=10%, signal=21%","2776/2903/2901/2775/2892/2900/5337/9455/2902/55970/54331/112/116443/5567/2893/773/2897/5579/246213/6505/51764/5595/2899/111/57030/115/2788"
"hsa04924","Renin secretion",69,-0.578321637013366,-1.70423933447989,0.0008856794472891,0.00394631854994637,0.00230123240801299,4213,"tags=43%, list=17%, signal=36%","9635/2770/5535/5136/185/778/155/5330/808/805/3778/2776/3759/117/91860/5137/1179/112/5567/154/153/5732/5139/801/1908/1907/5734/5593/22802/111"
"hsa00830","Retinol metabolism",66,-0.574985224752248,-1.67553987701512,0.000902220003420574,0.00396976801505053,0.00231490658772384,1992,"tags=26%, list=8%, signal=24%","10901/130/79799/54578/10170/54658/54577/54600/54657/54576/54575/126/1576/124/5959/125/54884"
"hsa04931","Insulin resistance",108,-0.506874140907811,-1.58429889129551,0.0009353330894127,0.00401508838382037,0.00234133443434501,3838,"tags=33%, list=15%, signal=28%","90673/5590/1375/2538/3643/57818/4792/5581/2308/5465/27330/5837/5580/7132/6945/5563/5106/6195/5728/22877/5602/5293/5500/51422/7376/5105/10062/5792/5579/28965/84699/10891/1374/133522/948/32"
"hsa04015","Rap1 signaling pathway",212,-0.434427401330746,-1.45928139354961,0.000931765121332776,0.00401508838382037,0.00234133443434501,3960,"tags=29%, list=16%, signal=24%","2251/113/2261/5590/1500/23566/3643/998/3397/57121/5330/808/9564/5608/805/3845/5894/5906/83593/1956/2776/2254/2903/5880/5605/2775/91860/135/5156/7409/1946/54518/1398/5293/83660/27040/51466/2902/23094/4254/260425/112/10235/2277/9223/801/2263/1435/5579/3683/80310/1268/57568/5595/5028/7074/1902/3815/51196/111/115"
"hsa04964","Proximal tubule bicarbonate reclamation",23,-0.74031831589692,-1.75044423824525,0.000986908159130764,0.00418544183149433,0.00244067331681039,3234,"tags=48%, list=13%, signal=42%","478/4190/6550/5106/483/482/5105/477/8671/762/760"
"hsa04144","Endocytosis",249,-0.419897502935009,-1.43461087581583,0.00107913999620706,0.00452211046029626,0.00263699623133304,5302,"tags=33%, list=21%, signal=26%","8766/5867/1234/51510/60682/51652/7456/9135/859/5119/4218/6457/10938/3561/3106/10254/8723/9798/161/23550/25978/100526767/6643/377/3134/832/3135/3560/8729/644150/91782/2261/5590/3105/58533/4087/3133/29924/56904/23527/116987/10015/998/3107/4088/51100/1212/8395/64744/26119/27128/1956/1785/6456/147179/5869/5156/30011/6642/23362/118813/27243/79720/23327/8853/9372/5337/55616/8976/2350/9267/9744/23096/253725/382/2263/9525/79643/57132/3800/408/3798"
"hsa04730","Long-term depression",60,-0.571030039008412,-1.6440722522562,0.00113043086839051,0.00462687983341232,0.00269809081194798,4372,"tags=35%, list=18%, signal=29%","5594/3479/2770/2891/255189/369/5330/3845/5894/2776/5605/2775/5516/2892/773/5579/6261/5595/10672/5593/2767"
"hsa04514","Cell adhesion molecule (CAM) interaction",157,-0.460553617631331,-1.49048748046696,0.00112012409656009,0.00462687983341232,0.00269809081194798,4056,"tags=39%, list=16%, signal=33%","22871/3106/3676/3109/201633/3134/3113/3135/3117/3111/149461/5788/920/3105/914/3133/120425/3115/3897/3107/23114/1366/923/10666/959/3385/54413/5802/926/25945/6693/152404/139065/3112/9378/933/22865/94030/6614/57502/9073/58494/5010/8174/1272/6900/84189/925/257194/3695/5792/7122/3683/4756/23705/8516/4684/57863/64115/4359/137075"
"hsa04910","Insulin signaling pathway",137,-0.470840713032673,-1.50410526507682,0.00117848562190509,0.00476812573460449,0.00278045609523886,3838,"tags=27%, list=15%, signal=23%","5590/2538/3643/57818/369/2885/3099/3632/2308/808/5837/805/3845/5894/23265/5563/5605/5106/8835/91860/572/5602/1398/5293/5500/51422/8569/5567/5105/801/5792/6655/2872/5595/10891/5577/32"
"hsa05012","Parkinson disease",255,-0.402617726208243,-1.38202156166988,0.00157036342683886,0.00628145370735543,0.00366292904585619,3762,"tags=29%, list=15%, signal=25%","516/1347/513/842/292/1339/4713/10476/515/4716/808/4724/125965/805/4695/522/7316/7345/7314/4717/539/25828/4729/1351/1327/1350/4137/4719/91860/135/4694/1329/2774/4698/7385/518/1843/4714/51465/143471/816/4707/1337/4700/9377/4720/29796/9927/5602/89953/6263/4723/374291/815/4705/7386/4129/221074/6390/506/5567/7384/801/817/6392/3800/4128/7318/6389/3798/79861/10382/65018/498/111"
"hsa04662","B cell receptor signaling pathway",82,-0.519886259873465,-1.57536174743586,0.00171900176557532,0.00679874855598329,0.00396458124526538,3693,"tags=39%, list=15%, signal=33%","10892/5777/5594/4772/10859/5535/4792/29760/2885/8915/2353/3845/5894/2213/55024/23547/5880/5605/7409/1380/695/5293/933/930/974/640/5579/6655/10990/5595/973/5336"
"hsa04611","Platelet activation",126,-0.479379015441154,-1.52178529898375,0.00176811610173462,0.00691529853122872,0.00403254549518421,4463,"tags=31%, list=18%, signal=26%","23365/10125/2534/2770/255189/113/5590/10627/4638/23533/103910/5330/64805/5906/2776/8673/5742/11093/83706/54518/695/5293/83660/5500/5294/2811/112/10235/5567/2909/5595/5336/5028/6786/10672/5023/5593/111/115"
"hsa04742","Taste transduction",80,-0.521521941680469,-1.57742237508316,0.00181394225647672,0.00696128385078845,0.0040593610972002,5184,"tags=32%, list=21%, signal=26%","2914/2555/29850/50837/346562/338398/5136/3359/6337/5330/8645/5030/6340/5137/170572/9177/6328/112/5567/773/22953/6335/285242/6338/51764/5028"
"hsa04658","Th1 and Th2 cell differentiation",90,-0.502950434610038,-1.5350052168999,0.00183920283557763,0.00696128385078845,0.0040593610972002,4905,"tags=41%, list=20%, signal=33%","3108/3717/2625/5594/3561/4772/3109/864/5535/3113/3716/3117/3560/3111/28514/920/3932/4792/3115/2353/915/3595/6775/4853/919/917/3558/3566/5602/3112/55534/27040/30009/4094/916/7535/5595"
"hsa04014","Ras signaling pathway",237,-0.411523848966082,-1.39910590617144,0.00183920283557763,0.00696128385078845,0.0040593610972002,4542,"tags=32%, list=18%, signal=26%","10298/5063/27006/10125/5899/3479/115727/2793/356/2251/255189/2261/3643/283455/10928/2885/9846/8036/4915/998/253959/808/805/3845/5894/5906/83593/8398/1956/8399/64926/2254/2903/5880/5605/7039/5869/91860/5156/572/26279/1946/5602/2323/5293/27040/5337/23179/2902/2322/4254/55970/54331/10235/2277/5567/7535/801/382/2263/1435/5579/6655/4303/80310/54979/51764/5595/5336/3363/7074/2549/3815/51196/2788"
"hsa04672","Intestinal immune network for IgA production",46,-0.619327881236891,-1.67979110465394,0.00193480951185706,0.00724524412950728,0.00422494798221866,4905,"tags=54%, list=20%, signal=44%","3108/940/3676/10803/3109/3113/3117/3111/57379/8741/3115/9020/3600/959/2826/5284/56477/3558/115650/3112/8174/3695/608/6387/23495"
"hsa04640","Hematopoietic cell lineage",96,-0.499857679523914,-1.54291114468457,0.00218912371494222,0.00811127944904907,0.00472996259738209,4729,"tags=46%, list=19%, signal=37%","100133941/3676/3574/3109/3581/2993/3113/945/2057/3117/3111/920/914/3115/3675/915/952/911/951/926/931/929/917/3566/3112/2323/1380/933/930/916/2811/2322/4254/912/925/3590/1435/924/2208/948/7850/3815/3570/290"
"hsa04650","Natural killer cell mediated cytotoxicity",116,-0.469226877685729,-1.4735416470038,0.00297631349675041,0.0109131494880848,0.0063638282002887,4248,"tags=37%, list=17%, signal=31%","2534/5535/356/3811/3135/5551/3932/3105/369/3133/2885/259197/3107/10870/3812/51744/7462/3845/5894/3824/3823/5880/5605/919/7409/5293/117157/27040/3805/355/3821/9436/962/7535/3822/5579/22914/6655/8743/3683/5595/5336/2185"
"hsa04664","Fc epsilon RI signaling pathway",68,-0.550778519146748,-1.61858133618071,0.00301559726018897,0.0109431983050157,0.0063813506862382,4248,"tags=29%, list=17%, signal=24%","2534/255189/2885/9846/2205/5608/3845/5894/5880/5605/6416/7409/5602/695/5293/27040/2206/6655/5595/5336"
"hsa04218","Cellular senescence",157,0.451025386627242,1.47703878756749,0.00323806758684867,0.0116306101078646,0.0067822038607464,2307,"tags=21%, list=9%, signal=19%","3576/595/1017/1871/1019/1869/5933/545/5810/7042/1111/983/1875/3569/6009/5054/4683/4609/4605/9134/1978/993/2305/890/891/898/776/5925/286826/59341/11200/7046/4361"
"hsa04540","Gap junction",89,-0.521578744034739,-1.59761727320467,0.00340891516247551,0.0120492653303816,0.00702633594325481,3164,"tags=26%, list=13%, signal=23%","5330/1453/3845/5894/1956/2776/5605/5156/112/5567/153/5598/5579/6655/80310/5595/79861/10382/1902/5593/111/2767/115"
"hsa04920","Adipocytokine signaling pathway",70,-0.533462683368875,-1.5716032928525,0.00345731760900154,0.0120492653303816,0.00702633594325481,3796,"tags=31%, list=15%, signal=27%","1375/3953/2538/10645/57818/4792/5465/7132/5563/5106/6258/4852/9370/5602/51422/5105/10891/23205/1374/6256/948/32"
"hsa03015","mRNA surveillance pathway",99,0.49526832838918,1.54160442592207,0.00342361236703844,0.0120492653303816,0.00702633594325481,4943,"tags=37%, list=20%, signal=30%","51692/55110/29107/22916/1477/1479/2935/5042/26986/55308/2521/11051/10921/10189/10284/80336/53918/10898/124540/10767/11052/4686/65110/7919/65109/2107/53981/9887/26528/1478/5411/9775/29894/22794/4116/8189/28227"
"hsa04740","Olfactory transduction",229,-0.401314321341139,-1.36044540144971,0.00349469365352031,0.0120601192748936,0.0070326652470223,6343,"tags=33%, list=26%, signal=25%","81285/390155/26339/391195/26529/390260/343169/390077/401661/138883/26245/124538/390195/5566/347169/138799/254973/5153/26531/653166/105369274/390075/26248/134083/441933/818/79541/120787/401427/5997/26716/346525/57101/26494/26686/127608/343171/7932/343173/79490/5136/391192/219869/343170/219873/392138/390072/808/805/219874/219875/219432/1261/91860/2774/283159/390445/5137/816/144124/123041/387815/390201/815/390261/5138/5567/801/390264/817/51764/408/6547/1258/5593/2788"
"hsa03430","Mismatch repair",23,0.70534793205181,1.69403717976759,0.00443690995894118,0.0151630320926922,0.0088420791210376,4265,"tags=61%, list=17%, signal=50%","5983/6742/9156/5984/5425/4436/6119/5111/5982/3978/2956/5985/5395/5424"
"hsa04140","Autophagy - animal",168,-0.43351553668437,-1.41475282008753,0.00461036940178044,0.0156043272060261,0.00909941329298771,3306,"tags=23%, list=13%, signal=20%","9711/23710/51100/57724/4077/3845/5894/7316/7314/5289/64121/8837/9842/5580/8673/58528/5563/5605/5516/11337/572/5728/5602/140775/5293/9342/1509/53349/5567/115201/10241/8897/10133/84971/89849/5595/116442/596/58476"
"hsa00020","Citrate cycle (TCA cycle)",30,-0.667416352738881,-1.68914866529844,0.00487692452180922,0.0160437143147369,0.00935563484262467,3330,"tags=43%, list=13%, signal=38%","55753/2271/4190/5106/8802/6390/1743/5105/3419/6392/8801/6389/50"
"hsa04120","Ubiquitin mediated proteolysis",142,0.4510581633228,1.45938109346886,0.00479153090177754,0.0160437143147369,0.00935563484262467,5437,"tags=37%, list=22%, signal=29%","51434/10054/6921/11065/27338/672/64682/7329/4734/9820/8451/25847/10393/8881/6502/55236/55120/27339/10075/8450/7334/7328/22954/55284/57154/6233/991/9690/7311/10055/26259/51619/7321/5371/8453/996/8454/54926/9886/1642/51366/9039/26272/9246/9817/51588/6923/8651/9021/7317/63893/9040"
"hsa05163","Human cytomegalovirus infection",216,-0.400330060340583,-1.34655820255533,0.00484539090845731,0.0160437143147369,0.00935563484262467,4273,"tags=30%, list=17%, signal=25%","2793/2770/5535/3134/356/5829/3135/3716/113/3105/4792/3133/842/2885/578/3107/5330/808/1870/9564/5608/805/3845/11214/5894/1956/2776/7132/5880/5605/9826/2775/91860/8737/5156/55080/1398/5293/3587/355/55970/54331/112/5567/567/1026/5732/801/5579/6655/3588/84699/51764/5595/6352/6387/5734/2185/10672/3570/111/2767/115/2788"
"hsa04720","Long-term potentiation",67,-0.538962252089986,-1.57547530358279,0.00519990042345657,0.016947823602377,0.00988285168200811,4782,"tags=48%, list=19%, signal=39%","818/5533/2890/5501/2033/5594/5502/5535/2891/369/5330/27330/808/805/3845/5894/5906/2776/2903/5605/6195/91860/816/5500/815/2902/5567/801/5579/817/5595/814"
"hsa00640","Propanoate metabolism",32,-0.634616342633572,-1.60928631190811,0.0053487143796563,0.0171212153262303,0.00998396228652783,2842,"tags=50%, list=11%, signal=44%","8310/5096/1629/1962/1892/4594/26275/92483/8802/55902/4329/8801/3030/51/32/35"
"hsa05231","Choline metabolism in cancer",99,-0.481074748916316,-1.49340222809265,0.00535037978944697,0.0171212153262303,0.00998396228652783,3472,"tags=29%, list=14%, signal=25%","2885/60482/7454/23446/56994/8395/2353/3845/5894/1956/1119/5880/5605/57153/1609/5156/5602/5293/5337/1606/1120/5579/6655/8613/80310/8611/5595/6583/6584"
"hsa04810","Regulation of actin cytoskeleton",231,-0.393231505480879,-1.3355088271631,0.00567172129931957,0.0179859990753197,0.010488247068443,4803,"tags=30%, list=19%, signal=24%","10297/5501/5594/54776/3676/10298/5063/27006/23365/3681/1128/5829/2251/9087/2261/1793/10627/369/1133/3985/4638/998/4636/103910/57121/3071/4629/9564/8395/3845/3675/5894/1956/81553/9459/3682/2254/5880/5605/3827/5156/7409/1132/1398/5293/5500/324/623/733/55970/624/8976/2263/2934/3695/10788/6655/3683/80310/730/2909/5595/6387/7074/8516/6548/10672/85477/1902"
"hsa04916","Melanogenesis",101,-0.473977958439352,-1.46398943659916,0.00663837659481905,0.0208634692980027,0.0121661977066702,3514,"tags=36%, list=14%, signal=31%","2033/5594/7475/7483/2770/83439/113/80326/7855/5330/808/805/3845/5894/2776/1910/5605/2775/91860/816/7480/6934/8321/815/4254/112/5567/801/7482/5579/817/84699/5595/3815/111/115"
"hsa00910","Nitrogen metabolism",17,-0.754286973107414,-1.67531297031214,0.00682835385751547,0.0209007005030039,0.0121879084870986,349,"tags=29%, list=1%, signal=29%","771/759/762/760/766"
"hsa00380","Tryptophan metabolism",42,-0.597352826665756,-1.60295979225066,0.00673027982207119,0.0209007005030039,0.0121879084870986,4431,"tags=40%, list=18%, signal=33%","8564/217/1543/847/223/23498/1962/1892/26/4129/7166/1743/224/4128/3030/3033/38"
"hsa05031","Amphetamine addiction",69,-0.525843768467662,-1.54959381883374,0.00681833824466743,0.0209007005030039,0.0121879084870986,3030,"tags=32%, list=12%, signal=28%","808/805/2353/2903/91860/2354/816/2892/5500/815/2902/4129/116443/5567/2893/801/5579/817/84699/4128/814/111"
"hsa05330","Allograft rejection",35,-0.613442570562243,-1.59391627764862,0.00722184545022963,0.0219145655041451,0.0127791276115679,6283,"tags=66%, list=25%, signal=49%","3127/3120/3586/3123/3108/940/3106/3109/3134/356/3113/3135/3117/3111/5551/3105/3133/3115/3107/959/3558/3112/355"
"hsa03022","Basal transcription factors",43,0.588963148762904,1.58526471820502,0.00738519031751984,0.0219671671660104,0.012809801427548,4637,"tags=44%, list=19%, signal=36%","2963/6873/1022/2969/6874/2071/2965/4331/2068/6878/2960/404672/2968/2967/2961/9519/54457/8148/902"
"hsa04211","Longevity regulating pathway",89,-0.502459950156248,-1.53905561651821,0.0075181237432352,0.0219671671660104,0.012809801427548,4372,"tags=24%, list=18%, signal=20%","3479/9365/113/10645/3643/847/2308/5468/3845/5563/9370/5293/51422/83667/112/5567/84699/10891/814/111/115"
"hsa03320","PPAR signaling pathway",75,-0.501482654811891,-1.51327484827593,0.00742925645729337,0.0219671671660104,0.012809801427548,4262,"tags=41%, list=17%, signal=34%","8310/33/1593/1375/2167/5465/5468/1962/729359/7316/5106/6258/9370/364/3158/2169/5105/10062/6342/5467/2168/28965/30/23205/1374/1376/5346/6256/948/51/34"
"hsa04141","Protein processing in endoplasmic reticulum",173,0.426622096909673,1.41300676253502,0.00753142697831705,0.0219671671660104,0.012809801427548,4304,"tags=29%, list=17%, signal=24%","54431/55757/10808/3326/6185/3301/51360/23480/56886/56893/3309/1965/5887/3703/3312/29979/9601/811/58505/7415/3320/5886/821/10134/10130/9373/30001/22824/7186/201595/10525/10952/51726/9871/10113/51619/7321/6745/29927/746/56681/7184/23193/10483/23640/8454/29978/6184/7466/200185"
"hsa05170","Human immunodeficiency virus 1 infection",203,-0.400888002424859,-1.33429970372873,0.00755121371331609,0.0219671671660104,0.012809801427548,4769,"tags=32%, list=19%, signal=26%","2785/5594/4772/3106/10298/5063/2793/2770/5535/3134/356/23118/5829/3135/920/3105/4792/3133/842/3985/578/3107/808/5608/805/2353/3845/915/60489/5894/9616/2776/7132/162/5880/5605/919/2775/91860/8737/572/200316/917/5602/55080/1398/5293/355/916/55970/54331/567/27350/140564/801/5579/51764/5595/5336/9582/2185/596/2767/2788"
"hsa05171","Coronavirus disease",225,0.394923751649371,1.34381175810031,0.00789260695620198,0.022772111873632,0.0132791920315737,5164,"tags=35%, list=21%, signal=28%","4312/3576/4314/3553/6173/6170/3569/3627/6227/6868/200916/629/6201/11224/1440/6144/6136/115004/6129/6187/6165/717/25873/6155/3654/6157/6130/6156/6223/100529239/6204/6160/6209/6167/5610/6222/100529097/6224/6132/6233/6169/7311/9045/6206/4940/5335/4142/6210/6161/51121/6191/8503/6137/6168/5296/6181/51187/6152/6188/4600/6158/6207/6159/6772/9349/2212/3442/1437/6142/7450/6141/728/6143/7097/5970/6230/6147/6133"
"hsa05310","Asthma",28,-0.648143328498829,-1.62531902416941,0.00847186516650498,0.0242446873057704,0.0141379007913434,6283,"tags=54%, list=25%, signal=40%","3127/3120/3562/3586/3123/3108/3109/3113/3117/3111/3115/2205/959/3112/2206"
"hsa05235","PD-L1 expression and PD-1 checkpoint pathway in cancer",90,-0.46083804310224,-1.4064781569507,0.00856551785475735,0.024315018426408,0.0141789132570262,4965,"tags=32%, list=20%, signal=26%","5777/940/3717/5594/4772/10125/5535/3716/920/3932/4792/148022/5608/2353/3845/915/5894/1956/238/5605/919/917/5728/5293/27040/916/7535/5595/54106"
"hsa04922","Glucagon signaling pathway",106,-0.455125145468156,-1.42379993102573,0.00962670628287882,0.0271088048925867,0.0158080650539905,3796,"tags=25%, list=15%, signal=22%","1375/2538/57818/2308/5465/5330/808/5837/805/2642/2776/5563/5106/91860/92483/816/815/51422/5567/5105/2641/801/817/84699/10891/1374/32"
"hsa01212","Fatty acid metabolism",57,-0.521542474371871,-1.48181866134931,0.0100968068979929,0.0282069526039168,0.0164484322899634,971,"tags=26%, list=4%, signal=25%","36/6342/37/30/23205/1374/1376/3030/3033/3032/38/51/10449/34/35"
"hsa00860","Porphyrin metabolism",44,-0.585678157982273,-1.58003510334742,0.0103425709604187,0.0286660234493496,0.016716132095165,3071,"tags=48%, list=12%, signal=42%","3052/2495/212/7389/1352/94033/9843/211/645/1356/79799/54578/54658/54577/54600/54657/54576/54575/210/3162/2235"
"hsa04919","Thyroid hormone signaling pathway",122,-0.444214211231785,-1.40068154941376,0.0109556524102058,0.030128044128066,0.0175686860196557,3344,"tags=26%, list=13%, signal=23%","2308/478/5330/3845/5894/53919/1827/4853/116931/5605/6258/572/483/9611/5293/2099/489/5567/482/8648/5579/5595/7068/5336/8850/6256/6548/477/113026/5333/51196/10231"
"hsa04727","GABAergic synapse",89,-0.489427217532296,-1.49913581726409,0.0110909955066953,0.0302638016926881,0.0176478508674467,2259,"tags=25%, list=9%, signal=23%","778/23710/2570/2566/774/9001/2775/11337/55970/54331/112/5567/773/140679/2565/2562/5579/66008/51764/111/115/2788"
"hsa05022","Pathways of neurodegeneration - multiple diseases",466,-0.336938218655442,-1.21812367464992,0.0116405588660315,0.0315190516987931,0.0183798297884708,3762,"tags=25%, list=15%, signal=22%","516/1347/1139/513/369/847/1133/842/778/80326/292/1339/7855/4713/10476/80208/578/5330/515/9973/4716/808/4724/125965/5608/805/3845/4695/522/5894/7316/7345/7314/84134/4717/539/5289/2776/4729/7132/2903/1351/25981/774/1327/9001/5605/1350/4137/4719/10023/91860/4694/1329/4698/7385/518/572/4714/51465/143471/816/2892/4707/1337/7480/4700/5663/9377/4720/29796/9927/5602/140775/89953/6263/4723/374291/8321/815/2902/4705/489/7386/324/355/1770/53349/6390/506/4747/2893/7384/801/7482/1435/5579/6261/4741/10133/817/6392/3800/824/5595/2878/7318/6389/3798/116442/79861/5630/10382/65018/840/498/596"
"hsa00590","Arachidonic acid metabolism",62,-0.528293992610879,-1.51842488119147,0.0121574022979184,0.0326672183882997,0.0190493647898279,4392,"tags=31%, list=18%, signal=25%","22949/2678/5730/242/255189/8644/145482/8398/5742/8399/26279/247/239/284273/4056/54979/3248/2053/27306"
"hsa00600","Sphingolipid metabolism",55,-0.516241972605931,-1.45863650323563,0.012851736148576,0.0342712963962028,0.0199847571688383,5777,"tags=44%, list=23%, signal=34%","3073/340485/4759/5660/9517/79603/339221/10715/427/130367/125981/81537/55331/2629/9514/55304/129807/55512/410/8613/57704/8611/64781/6609"
"hsa04927","Cortisol synthesis and secretion",65,-0.51208872128316,-1.48485757199104,0.0130602835911493,0.0345655625871019,0.0201563537813543,3932,"tags=31%, list=16%, signal=26%","8911/6770/185/113/3776/778/5330/1583/2776/1589/3777/112/5567/3739/84699/5151/3284/111/2767/115"
"hsa01521","EGFR tyrosine kinase inhibitor resistance",80,-0.471607697164665,-1.42644915642836,0.0137118947301907,0.0357733154473381,0.0208606355030829,3998,"tags=34%, list=16%, signal=28%","3716/2261/2064/369/2621/2885/3845/5894/1956/5605/7039/5156/572/5728/5293/10018/3084/9542/2263/5579/6655/80310/5595/5336/2549/596/3570"
"hsa05145","Toxoplasmosis",109,-0.433766897239953,-1.35517720387978,0.0137198795039507,0.0357733154473381,0.0208606355030829,5168,"tags=31%, list=21%, signal=25%","23643/1234/146850/3108/3717/5594/3109/2770/23118/3909/3113/3716/3117/3111/4792/842/3115/329/23533/3908/5608/7132/959/2775/572/5602/3112/3587/5294/3588/5595/284217/10319/596"
"hsa00620","Pyruvate metabolism",47,-0.542305885295772,-1.47159585020284,0.0143374703029015,0.0371087466663333,0.0216393708132028,3340,"tags=36%, list=13%, signal=31%","223/2271/4190/5106/3029/92483/130/55902/4200/126/5105/124/224/38/125/197257/32"
"hsa05323","Rheumatoid arthritis",88,0.469186158118685,1.43611492481172,0.0148428848279683,0.0381364632076265,0.0222386672412894,3181,"tags=28%, list=13%, signal=25%","4312/3589/3576/4314/90423/3553/7042/9296/3569/2321/6372/7422/9550/2920/3383/528/1513/245973/6374/51561/51606/2921/50617/3552/6349"
"hsa00100","Steroid biosynthesis",20,0.710384813218523,1.6402252073585,0.0156775598925705,0.0399891382767015,0.0233190250118325,2359,"tags=35%, list=10%, signal=32%","1594/6713/51478/1717/50814/3930/1056"
"hsa04115","p53 signaling pathway",75,0.489371150304361,1.44743227480716,0.0158536077333692,0.0401472656269494,0.0234112344415524,3253,"tags=32%, list=13%, signal=28%","5366/595/1017/1019/545/3732/1111/983/6241/5054/51246/9134/891/898/598/64065/51512/8795/11200/637/8797/10848/9538/5268"
"hsa04012","ErbB signaling pathway",85,-0.473992648140981,-1.43891095945012,0.0164388428537,0.0413319477464457,0.0241020628306128,3821,"tags=31%, list=15%, signal=26%","2064/369/2885/4690/3845/5894/1956/5605/7039/572/6416/816/5602/1398/145957/5293/815/3084/1026/9542/5579/6655/817/5595/5336/2549"
"hsa04666","Fc gamma R-mediated phagosome formation",97,-0.453074999447982,-1.40039267678241,0.0173214649858091,0.0432422388298212,0.025216018456385,3918,"tags=33%, list=16%, signal=28%","255189/1793/5788/3985/9846/5581/7454/998/8395/5894/2213/653361/8398/5580/1785/5880/7409/8853/1398/5293/27040/5337/55616/4082/382/2934/5579/8613/8611/5595/5336/85477"
"hsa00410","beta-Alanine metabolism",31,-0.594858072559674,-1.50964525659517,0.0174885829267939,0.0433519802128976,0.0252800123849134,4417,"tags=52%, list=18%, signal=42%","8639/8310/217/218/223/1962/1892/55748/26275/4329/57571/224/1806/3030/51/35"
